{"cameraMode":{"drawMode":0,"name":"Shaded","section":"Shading Mode"},"sceneLighting":true,"audioPlay":false,"sceneViewState":{"showFog":true,"showMaterialUpdate":false,"showSkybox":true,"showFlares":true,"showImageEffects":true,"showParticleSystems":true,"showVisualEffectGraphs":true,"m_FxEnabled":true},"in2DMode":false,"pivot":{"x":0.29899999499320986,"y":0.2207999974489212,"z":0.2851642966270447},"rotation":{"x":0.08273918181657791,"y":-0.8681524991989136,"z":0.1546739637851715,"w":0.4642995297908783},"size":0.44709333777427676,"orthographic":false}