{"cameraMode":{"drawMode":0,"name":"Shaded","section":"Shading Mode"},"sceneLighting":true,"audioPlay":false,"sceneViewState":{"showFog":true,"showMaterialUpdate":false,"showSkybox":true,"showFlares":true,"showImageEffects":true,"showParticleSystems":true,"showVisualEffectGraphs":true,"m_FxEnabled":true},"in2DMode":false,"pivot":{"x":487.24053955078127,"y":387.77130126953127,"z":8.81573486328125},"rotation":{"x":0.08019793033599854,"y":-0.03139280155301094,"z":0.002529758494347334,"w":0.9962862730026245},"size":280.66143798828127,"orthographic":false}