{"cameraMode":{"drawMode":0,"name":"Shaded","section":"Shading Mode"},"sceneLighting":false,"audioPlay":false,"sceneViewState":{"showFog":true,"showMaterialUpdate":false,"showSkybox":false,"showFlares":true,"showImageEffects":true,"showParticleSystems":true,"showVisualEffectGraphs":true,"m_FxEnabled":true},"in2DMode":false,"pivot":{"x":-0.7966505885124207,"y":1.8266944885253907,"z":-0.19922280311584474},"rotation":{"x":0.06348858773708344,"y":0.8546414971351624,"z":-0.10767299681901932,"w":0.5039642453193665},"size":2.6973021030426027,"orthographic":false}