{"cameraMode":{"drawMode":0,"name":"Shaded","section":"Shading Mode"},"sceneLighting":false,"audioPlay":false,"sceneViewState":{"showFog":true,"showMaterialUpdate":false,"showSkybox":false,"showFlares":true,"showImageEffects":true,"showParticleSystems":true,"showVisualEffectGraphs":true,"m_FxEnabled":true},"in2DMode":false,"pivot":{"x":5.386021137237549,"y":1.8245635032653809,"z":-7.4648966789245609},"rotation":{"x":-0.0010427654488012195,"y":-0.9946752786636353,"z":0.10263854265213013,"w":-0.010149693116545678},"size":2.811886787414551,"orthographic":false}